file, isUniform, pvalue, time, timeout, N, e_repeat, o_repeat
/tmp/omega/79.sk_4_40.cnf, , , , , , , 
/tmp/omega/V3/s298_3_2.cnf, True, 0.13425276793692906, 2.1009891033172607, False, 1000, 9.998931884765625, 5
/tmp/omega/V3/s27_3_2.cnf, True, 0.1309636203623838, 0.8316235542297363, False, 1000, 10.042857142857143, 5
/tmp/omega/V3/s832a_3_2.cnf, True, 0.9161258585361494, 2.147285223007202, False, 3000, 9.99893527560764, 9
/tmp/omega/V3/s526a_3_2.cnf, True, 0.915796073890889, 18.151501893997192, False, 12000, 10.000253200531006, 9
/tmp/omega/V3/s382_3_2.cnf, True, 0.606188321536453, 17.961930990219116, False, 9000, 9.998859640966648, 12
/tmp/omega/27.sk_3_32.cnf, True, 0.26029921001389783, 27.092345714569092, False, 37000, 9.999870210886002, 6
/tmp/omega/V3/s349_3_2.cnf, True, 1.0840674303658033, 35.03198266029358, False, 13000, 9.999707698822021, 10
/tmp/omega/V3/s27_new_3_2.cnf, True, 0.9951688359333024, 3.222402334213257, False, 1000, 9.6875, 9
/tmp/omega/V3/s820a_3_2.cnf, True, 0.2714096520780903, 3.635188341140747, False, 2000, 10.00232059439433, 14
/tmp/omega/V3/s1488_3_2.cnf, True, 0.8254609874159576, 3.7676174640655518, False, 1000, 9.966191066997519, 11
/tmp/omega/FeatureModels/FM-3.6.1-refined.cnf, True, 0.9169079499321469, 0.31500244140625, False, 1000, 9.995810481413772, 9
/tmp/omega/V3/s444_3_2.cnf, True, 0.44064677366403365, 54.6431782245636, False, 9000, 9.998859640966648, 7
/tmp/omega/V3/s526_3_2.cnf, True, 0.8336831239613974, 28.8239643573761, False, 10000, 9.999051332473755, 11
/tmp/omega/polynomial.sk_7_25.cnf, True, 0.38774043780125755, 0.300994873046875, False, 1000, 9.84375, 13
/tmp/omega/V3/s510_3_2.cnf, True, 0.26023212679798313, 59.92382502555847, False, 18000, 10.000402178083148, 6
/tmp/omega/tutorial2.sk_3_4.cnf, True, 1.0886947913551628, 10.548956632614136, False, 1000, 9.0, 9
/tmp/omega/registerlesSwap.sk_3_10.cnf, True, 0.9138416556858875, 0.5608940124511719, False, 1000, 10.008067255434783, 9
/tmp/omega/V3/s344_3_2.cnf, True, 1.0840674303658033, 85.47366499900818, False, 13000, 9.999707698822021, 10
/tmp/omega/111.sk_2_36.cnf, True, 0.6064470765029463, 222.13087677955627, False, 104000, 9.999997226521373, 12
/tmp/omega/53.sk_4_32.cnf, True, 0.4404646762644121, 183.83950686454773, False, 37000, 9.999870210886002, 7
/tmp/omega/V15/s820a_15_7.cnf, True, 0.440425593738323, 14.479531526565552, False, 4000, 10.000087143679178, 7
/tmp/omega/V15/s349_15_7.cnf, True, 0.9159325696341967, 39.28442192077637, False, 13000, 9.999707698822021, 9
/tmp/omega/10.sk_1_46.cnf, , , , , 4651000, , 
/tmp/omega/107.sk_3_90.cnf, , , , , 614645686000, , 
/tmp/omega/V15/s1488_15_7.cnf, True, 0.1685629764483344, 5.52012825012207, False, 1000, 10.015754132231406, 15
/tmp/omega/V15/s27_15_7.cnf, True, 0.6560294912098457, 0.7736520767211914, False, 1000, 10.042857142857143, 8
/tmp/omega/V15/s298_15_7.cnf, True, 0.667083506923056, 3.433053731918335, False, 2000, 9.99359130859375, 8
/tmp/omega/63.sk_3_64.cnf, , , , , 623246000, , 
/tmp/omega/V15/s510_15_7.cnf, True, 0.44049623985656505, 2616.3289873600006, False, 18000, 9.999695023246433, 7
/tmp/omega/V15/s526_15_7.cnf, True, 1.0840674303658033, 38.25227689743042, False, 13000, 9.999707698822021, 10
/tmp/omega/V15/s444_15_7.cnf, True, 0.2710374968561737, 88.20528531074524, False, 10000, 9.99976916733771, 14
/tmp/omega/V15/s526a_15_7.cnf, True, 0.9159325696341967, 88.53138065338135, False, 13000, 9.999707698822021, 9
/tmp/omega/V15/s27_new_15_7.cnf, True, 0.3022186056758463, 3.0751469135284424, False, 1000, 9.6875, 6
/tmp/omega/V15/s832a_15_7.cnf, True, 0.41690813229438883, 12.609704494476318, False, 9000, 10.000111230091699, 13
/tmp/omega/V15/s344_15_7.cnf, True, 0.9159325696341967, 61.30664777755737, False, 13000, 9.999707698822021, 9
/tmp/omega/77.sk_3_44.cnf, , , , , 605000, , 
/tmp/omega/V15/s382_15_7.cnf, True, 0.44049576023193265, 190.80706238746643, False, 16000, 9.9996976852417, 7
/tmp/omega/V7/s820a_7_4.cnf, True, 0.6063708431567528, 6.700435638427734, False, 4000, 9.999662089100346, 12
/tmp/omega/V7/s526a_7_4.cnf, True, 0.0975230610517753, 35.742942333221436, False, 13000, 10.000608444213867, 16
/tmp/omega/V7/s444_7_4.cnf, True, 0.416883291032251, 37.59167456626892, False, 17000, 9.999980184783912, 13
/tmp/omega/V3/s420_new_3_2.cnf, True, 1.0841459140034668, 3289.5450372695923, False, 415000, 10.000021353014745, 10
/tmp/omega/V3/s420_3_2.cnf, True, 0.606452564628859, 3312.818253993988, False, 415000, 10.000021353014745, 12
/tmp/omega/V3/s420_new1_3_2.cnf, True, 0.41689109491046616, 3316.0156066417694, False, 415000, 10.000021353014745, 13
/tmp/omega/V7/s382_7_4.cnf, True, 0.9161447859270946, 63.67153739929199, False, 9000, 9.998859640966648, 9
/tmp/omega/V7/s349_7_4.cnf, True, 0.9159325696341967, 84.18896746635437, False, 13000, 9.999707698822021, 9
/tmp/omega/V7/s1488_7_4.cnf, True, 0.6113544962794975, 5.121172189712524, False, 1000, 10.021547833935019, 12
/tmp/omega/V7/s344_7_4.cnf, True, 0.2603197062893058, 43.512792110443115, False, 13000, 9.999707698822021, 6
/tmp/omega/19.sk_3_48.cnf, , , , , 7694000, , 
/tmp/omega/V7/s298_7_4.cnf, True, 0.44159698318228907, 6.973270893096924, False, 2000, 9.99359130859375, 7
/tmp/omega/V7/s27_7_4.cnf, True, 0.1309636203623838, 0.8941760063171387, False, 1000, 10.042857142857143, 5
/tmp/omega/V7/s832a_7_4.cnf, True, 0.41668529025455786, 8.577928066253662, False, 5000, 9.998935546875, 13
/tmp/omega/V7/s526_7_4.cnf, True, 0.6655823386757567, 526.5835399627686, False, 12000, 10.000253200531006, 8
/tmp/omega/V7/s27_new_7_4.cnf, True, 0.4993944341968559, 3.3347103595733643, False, 1000, 9.6875, 7
/tmp/omega/V7/s510_7_4.cnf, True, 1.0840642585876652, 203.976909160614, False, 18000, 9.999695023246433, 10
/tmp/omega/36.sk_3_77.cnf, , , , , , , 
/tmp/omega/110.sk_3_88.cnf, , , , , 614645686000, , 
/tmp/omega/V15/s420_new_15_7.cnf, True, 0.26028014892821644, 4579.056653022766, False, 415000, 10.000021353014745, 6
/tmp/omega/17.sk_3_45.cnf, , , , , 2345000, , 
/tmp/omega/51.sk_4_38.cnf, , , , , 229000, , 
/tmp/omega/57.sk_4_64.cnf, , , , , 424434000, , 
/tmp/omega/V7/s420_new_7_4.cnf, True, 0.8339258425669037, 2897.764492750168, False, 415000, 10.000021353014745, 11
/tmp/omega/FMEasy/fiasco.cnf, , , , , 84630000, , 
/tmp/omega/35.sk_3_52.cnf, , , , , 9379000, , 
/tmp/omega/SetTest.sk_9_21.cnf, True, 0.4871777555974987, 25.717462301254272, False, 1000, 9.75, 7
/tmp/omega/FMEasy/axTLS.cnf, , , , , 92598758000, , 
/tmp/omega/7.sk_4_50.cnf, , , , , 6632000, , 
/tmp/omega/70.sk_3_40.cnf, , , , , 415000, , 
/tmp/omega/FMEasy/toybox2.cnf, , , , , 1702891000, , 
/tmp/omega/55.sk_3_46.cnf, , , , , 2345000, , 
/tmp/omega/32.sk_4_38.cnf, , , , , 208000, , 
/tmp/omega/Blasted_Real/blasted_case17.cnf, True, 0.4190182894997087, 0.6283411979675293, False, 1000, 10.01123046875, 13
/tmp/omega/109.sk_4_36.cnf, True, 0.44043044034423406, 6402.3886506557465, False, 134000, 10.000060241177398, 7
/tmp/omega/Blasted_Real/blasted_case127.cnf, True, 0.7948396415512037, 0.5628986358642578, False, 1000, 9.84375, 11
/tmp/omega/Blasted_Real/blasted_case128.cnf, True, 0.7948396415512037, 0.5629217624664307, False, 1000, 9.84375, 11
/tmp/omega/Blasted_Real/blasted_case103.cnf, True, 0.26879812506443124, 0.21378087997436523, False, 1000, 9.984375, 14
/tmp/omega/80.sk_2_48.cnf, , , , , 4690000, , 
/tmp/omega/V15/s420_new1_15_7.cnf, True, 0.028555772297770583, 8904.995109558105, False, 415000, 10.000021353014745, 18
/tmp/omega/V15/s420_15_7.cnf, True, 0.606452564628859, 7351.151238679886, False, 415000, 10.000021353014745, 12
/tmp/omega/Blasted_Real/blasted_case44.cnf, True, 0.27013756428755953, 57.53219699859619, False, 2000, 9.99359130859375, 14
/tmp/omega/Blasted_Real/blasted_case116.cnf, True, 0.6656182502666648, 18.36767268180847, False, 26000, 10.00009372830391, 8
/tmp/omega/Blasted_Real/blasted_case124.cnf, True, 0.4404400878326214, 203.36996340751648, False, 74000, 10.000006690621376, 7
/tmp/omega/Blasted_Real/blasted_case26.cnf, True, 0.2791107131500184, 0.5065312385559082, False, 1000, 10.0546875, 14
/tmp/omega/FMEasy/toybox.cnf, , , , , 1702891000, , 
/tmp/omega/V7/s420_7_4.cnf, True, 1.0841459140034668, 7856.98472070694, False, 415000, 10.000021353014745, 10
/tmp/omega/Blasted_Real/blasted_case115.cnf, True, 1.0841640236492844, 17.997585773468018, False, 26000, 10.00009372830391, 10
/tmp/omega/V7/s420_new1_7_4.cnf, True, 0.665634548854119, 7873.88318157196, False, 415000, 10.000021353014745, 8
/tmp/omega/Blasted_Real/blasted_case62.cnf, True, 0.2602906037748955, 120.4563639163971, False, 147000, 9.999938451685011, 6
/tmp/omega/56.sk_6_38.cnf, , , , , 272000, , 
/tmp/omega/Blasted_Real/blasted_case64.cnf, True, 0.8334955334805172, 0.9030745029449463, False, 1000, 9.998301630434783, 11
/tmp/omega/Blasted_Real/blasted_case_1_b14_3.cnf, True, 0.05850525288115174, 2402.986052751541, False, 1658000, 10.000003258319339, 4
/tmp/omega/Blasted_Real/blasted_case45.cnf, True, 1.0847208481179833, 3.828185558319092, False, 1000, 10.0023193359375, 10
/tmp/omega/Blasted_Real/blasted_case63.cnf, True, 0.8334955334805172, 0.9426901340484619, False, 1000, 9.998301630434783, 11
/tmp/omega/Blasted_Real/blasted_case8.cnf, True, 0.16688650325115298, 19.168010234832764, False, 13000, 9.999707698822021, 15
/tmp/omega/V3/s953a_3_2.cnf, , , , , 13470000, , 
/tmp/omega/Blasted_Real/blasted_case100.cnf, True, 0.260222352391588, 3.0642247200012207, False, 7000, 10.000479698181152, 6
/tmp/omega/Blasted_Real/blasted_squaring51.cnf, True, 0.2710124311649652, 376.0813081264496, False, 19000, 9.999597251415253, 14
/tmp/omega/Blasted_Real/blasted_case122.cnf, True, 1.084039793247499, 60.81524586677551, False, 19000, 9.999597251415253, 10
/tmp/omega/Blasted_Real/blasted_case31.cnf, True, 0.4273099219643923, 0.5083045959472656, False, 1000, 10.0546875, 13
/tmp/omega/Blasted_Real/blasted_case123.cnf, True, 1.0841519508579283, 166.6083209514618, False, 208000, 10.000045479275286, 10
/tmp/omega/84.sk_4_77.cnf, , , , , 27163759000, , 
/tmp/omega/Blasted_Real/blasted_case53.cnf, True, 0.09733916925055532, 1.3423659801483154, False, 3000, 9.99795913696289, 16
/tmp/omega/Blasted_Real/blasted_case131.cnf, True, 0.26028393204956496, 1901.5465552806854, False, 352000, 9.999991354573032, 6
/tmp/omega/Blasted_Real/blasted_case28.cnf, True, 1.0977865227171946, 0.5107111930847168, False, 1000, 10.0546875, 10
/tmp/omega/Blasted_Real/blasted_case55.cnf, True, 0.26026480196985524, 8.529502391815186, False, 5000, 10.000143051147461, 6
/tmp/omega/Blasted_Real/blasted_case134.cnf, True, 0.9163701459201405, 2.3390583992004395, False, 3000, 9.99795913696289, 9
/tmp/omega/Blasted_Real/blasted_case68.cnf, True, 0.4395210843024921, 123.50416612625122, False, 2000, 10.005111694335938, 7
/tmp/omega/Blasted_Real/blasted_case201.cnf, , , , , 9379000, , 
/tmp/omega/Blasted_Real/blasted_case_3_b14_3.cnf, True, 0.8339213149109266, 2347.505665540695, False, 1658000, 10.000003258319339, 11
/tmp/omega/Blasted_Real/blasted_case_1_b14_1.cnf, , , , , 9379000, , 
/tmp/omega/Blasted_Real/blasted_case200.cnf, True, 0.3939832349413163, 0.4539804458618164, False, 1000, 9.0, 12
/tmp/omega/Blasted_Real/blasted_case29.cnf, True, 1.0802278407499601, 3.074232339859009, False, 1000, 9.984375, 10
/tmp/omega/Blasted_Real/blasted_case206.cnf, True, 1.0886947913551628, 0.4710254669189453, False, 1000, 9.0, 9
/tmp/omega/Blasted_Real/blasted_case34.cnf, True, 0.8339200394997985, 2948.4163920879364, False, 1173000, 9.999998161161784, 11
/tmp/omega/Blasted_Real/blasted_case_2_b14_2.cnf, False, 0.006908686143568292, 7308.681262731552, False, 4690000, 10.000000293644007, 20
/tmp/omega/Blasted_Real/blasted_case_3_b14_2.cnf, True, 0.6064477741898106, 7320.108647108078, False, 4690000, 10.000000293644007, 12
/tmp/omega/Blasted_Real/blasted_case_0_b12_1.cnf, True, 0.9158748296148702, 127.22597479820251, False, 147000, 9.999938451685011, 9
/tmp/omega/Blasted_Real/blasted_case21.cnf, True, 0.4428652869712003, 1.6234025955200195, False, 1000, 9.986572265625, 7
/tmp/omega/Blasted_Real/blasted_case32.cnf, True, 0.9022134772828055, 0.5286331176757812, False, 1000, 10.0546875, 9
/tmp/omega/ProjectService3.sk_12_55.cnf, , , 20410.85545682907, True, 6492259907735057000, , 
/tmp/omega/Blasted_Real/blasted_case3.cnf, True, 0.27093284364472203, 114.41104912757874, False, 10000, 9.999051332473755, 14
/tmp/omega/Blasted_Real/blasted_case47.cnf, True, 0.2605403219433536, 198.32671785354614, False, 3000, 9.99795913696289, 6
/tmp/omega/Blasted_Real/blasted_case38.cnf, True, 0.6109504892274954, 2.637150287628174, False, 1000, 10.019775390625, 12
/tmp/omega/Blasted_Real/blasted_case110.cnf, True, 0.6651171686977988, 1.723933458328247, False, 1000, 10.0023193359375, 8
/tmp/omega/Blasted_Real/blasted_case24.cnf, True, 0.8300108269186898, 3.2202069759368896, False, 1000, 9.984375, 11
/tmp/omega/Blasted_Real/blasted_case102.cnf, True, 0.16529462066608133, 0.2185685634613037, False, 1000, 9.984375, 15
/tmp/omega/Blasted_Real/blasted_case1.cnf, True, 0.05831228031649405, 11.040282487869263, False, 2000, 10.005111694335938, 4
/tmp/omega/Blasted_Real/blasted_case56.cnf, True, 0.9158236349313966, 8.81179690361023, False, 5000, 10.000143051147461, 9
/tmp/omega/Blasted_Real/blasted_case60.cnf, True, 0.5244687975836547, 1.2634069919586182, False, 1000, 9.5625, 7
/tmp/omega/Blasted_Real/blasted_case125.cnf, True, 0.27106715525000774, 6582.0232026577, False, 294000, 9.999972571386024, 14
/tmp/omega/29.sk_3_45.cnf, , , 18185.764091014862, True, 2638000, , 
/tmp/omega/Blasted_Real/blasted_case22.cnf, True, 0.05350283222191829, 1.5178747177124023, False, 1000, 9.986572265625, 17
/tmp/omega/Blasted_Real/blasted_case126.cnf, False, 0.0031766910636274333, 3382.7374601364136, False, 208000, 10.000045479275286, 21
/tmp/omega/Blasted_Real/blasted_case_2_b14_3.cnf, True, 0.05850525288115174, 1753.8701627254486, False, 1658000, 10.000003258319339, 4
/tmp/omega/Blasted_Real/blasted_case25.cnf, True, 0.8490696201963293, 4.734845161437988, False, 1000, 10.060546875, 11
/tmp/omega/Blasted_Real/blasted_case57.cnf, True, 0.9158601229238206, 145.87505626678467, False, 104000, 9.999997226521373, 9
/tmp/omega/Blasted_Real/blasted_case54.cnf, True, 0.05849996429280548, 8.604127407073975, False, 5000, 10.000143051147461, 4
/tmp/omega/Blasted_Real/blasted_case33.cnf, True, 1.0977865227171946, 0.4974029064178467, False, 1000, 10.0546875, 10
/tmp/omega/Blasted_Real/blasted_case59_1.cnf, True, 0.16674011361486335, 0.9451148509979248, False, 1000, 9.998301630434783, 15
/tmp/omega/Blasted_Real/blasted_case61.cnf, , , 21250.057138204575, True, 75030000, , 
/tmp/omega/Blasted_Real/blasted_case109.cnf, True, 0.8339562938823536, 2.153921127319336, False, 5000, 10.000143051147461, 11
/tmp/omega/Blasted_Real/blasted_case43.cnf, True, 0.41732680400093786, 3.772725820541382, False, 1000, 10.0023193359375, 13
/tmp/omega/Blasted_Real/blasted_squaring50.cnf, True, 0.2603336368492465, 429.1344335079193, False, 19000, 9.999597251415253, 6
/tmp/omega/Blasted_Real/blasted_case39.cnf, , , 18009.132272720337, True, 848868000, , 
/tmp/omega/Blasted_Real/blasted_case2.cnf, True, 0.02068646259936277, 128.01311540603638, False, 10000, 9.999051332473755, 3
/tmp/omega/Blasted_Real/blasted_case101.cnf, True, 0.44035487774030563, 3.129986047744751, False, 7000, 10.000479698181152, 7
/tmp/omega/Blasted_Real/blasted_case7.cnf, True, 0.6644888024613258, 1.5704929828643799, False, 2000, 10.005111694335938, 8
/tmp/omega/Blasted_Real/blasted_case118.cnf, True, 0.6658799206750116, 1.3356890678405762, False, 1000, 9.998931884765625, 8
/tmp/omega/Blasted_Real/blasted_case4.cnf, True, 0.8336532357488567, 0.5164756774902344, False, 1000, 9.998931884765625, 11
/tmp/omega/Blasted_Real/blasted_case23.cnf, True, 0.1680892742011559, 0.6654052734375, False, 1000, 10.01123046875, 15
/tmp/omega/Blasted_Real/blasted_case59.cnf, True, 0.44074734678613153, 1.0109589099884033, False, 1000, 9.998301630434783, 7
/tmp/omega/Blasted_Real/blasted_case_2_b12_1.cnf, True, 0.4168753801428393, 125.8386127948761, False, 147000, 9.999938451685011, 13
/tmp/omega/Blasted_Real/blasted_case46.cnf, True, 0.2610920841701681, 75.87424850463867, False, 2000, 9.99359130859375, 6
/tmp/omega/Blasted_Real/blasted_case114.cnf, True, 0.27108482202980794, 18.03136157989502, False, 26000, 10.00009372830391, 14
/tmp/omega/Blasted_Real/blasted_case117.cnf, True, 1.0838732929166763, 20.465567111968994, False, 1000, 9.998931884765625, 10
/tmp/omega/Blasted_Real/blasted_case204.cnf, , , , , 37515000, , 
/tmp/omega/Blasted_Real/blasted_case121.cnf, , , 20584.117901325226, True, 2345000, , 
/tmp/omega/Blasted_Real/blasted_case203.cnf, , , , , 37515000, , 
/tmp/omega/Blasted_Real/blasted_case_1_b12_1.cnf, True, 0.6064337068698061, 126.25819635391235, False, 147000, 9.999938451685011, 12
/tmp/omega/Blasted_Real/blasted_case_2_b14_1.cnf, , , , , 9379000, , 
/tmp/omega/Blasted_Real/blasted_case52.cnf, True, 0.8334098347545337, 1.3615219593048096, False, 3000, 9.99795913696289, 11
/tmp/omega/Blasted_Real/blasted_case_1_b14_2.cnf, False, 0.0009987981881463565, 6868.68461894989, False, 4690000, 10.000000293644007, 1
/tmp/omega/Blasted_Real/blasted_case36.cnf, True, 1.0977020028530735, 0.6461598873138428, False, 1000, 10.054347826086957, 10
/tmp/omega/Blasted_Real/blasted_case105.cnf, , , 32285.364533901215, True, 6632000, , 
/tmp/omega/Blasted_Real/blasted_case133.cnf, True, 0.4168870931856826, 3416.038479089737, False, 3316000, 10.000000242536771, 13
/tmp/omega/Blasted_Real/blasted_case51.cnf, True, 0.2707736556056585, 1.3511459827423096, False, 3000, 9.99795913696289, 14
/tmp/omega/Blasted_Real/blasted_case_3_b14_1.cnf, , , , , 9379000, , 
/tmp/omega/Blasted_Real/blasted_case112.cnf, True, 0.9161267070833237, 4.277693510055542, False, 1000, 9.998931884765625, 9
/tmp/omega/Blasted_Real/blasted_case41.cnf, , , 18026.528980493546, True, 848868000, , 
/tmp/omega/Blasted_Real/blasted_case11.cnf, True, 0.9152791518820166, 1.4960477352142334, False, 1000, 10.0023193359375, 9
/tmp/omega/Blasted_Real/blasted_case137.cnf, True, 0.6059835139850173, 2.0317184925079346, False, 3000, 9.99795913696289, 12
/tmp/omega/Blasted_Real/blasted_case136.cnf, True, 1.084140631743863, 3383.4949827194214, False, 3316000, 10.000000242536771, 10
/tmp/omega/Blasted_Real/blasted_case106.cnf, , , 36625.665701150894, True, 9379000, , 
/tmp/omega/Blasted_Real/blasted_case5.cnf, True, 0.6064181840932253, 7801.357149839401, False, 37000, 9.999870210886002, 12
/tmp/omega/Blasted_Real/blasted_case113.cnf, True, 0.6658799206750116, 36.83276653289795, False, 1000, 9.998931884765625, 8
/tmp/omega/Blasted_Real/blasted_case30.cnf, True, 0.6202613262863849, 4.769428253173828, False, 1000, 10.060546875, 12
/tmp/omega/Blasted_Real/blasted_case58.cnf, True, 0.44074734678613153, 0.9286127090454102, False, 1000, 9.998301630434783, 7
/tmp/omega/Blasted_Real/blasted_case111.cnf, True, 0.6069753543507216, 36.54633116722107, False, 1000, 10.0023193359375, 12
/tmp/omega/Blasted_Real/blasted_case108.cnf, True, 0.667083506923056, 0.42198848724365234, False, 2000, 9.99359130859375, 8
/tmp/omega/Blasted_Real/blasted_case27.cnf, True, 0.6189210202294421, 0.5573663711547852, False, 1000, 10.0546875, 12
/tmp/omega/Blasted_Real/blasted_case205.cnf, , , , , 37515000, , 
/tmp/omega/Blasted_Real/blasted_squaring20.cnf, True, 0.6657051850849646, 14212.062589883804, False, 13000, 9.999707698822021, 8
/tmp/omega/Blasted_Real/blasted_case9.cnf, , , 40708.78321790695, True, 106109000, , 
/tmp/omega/Blasted_Real/blasted_case202.cnf, True, 0.8339203062949546, 10742.599391937256, False, 9379000, 9.999999227403805, 11
/tmp/omega/Blasted_Real/blasted_case6.cnf, , , 21443.723155021667, True, 587000, , 
/tmp/omega/Blasted_Real/blasted_case40.cnf, , , 18030.875412464142, True, 848868000, , 
/tmp/omega/tutorial1.sk_1_1.cnf, , , 69201.32676839828, True, 1000, , 
/tmp/omega/Blasted_Real/blasted_case14.cnf, , , 65490.27688264847, True, 106109000, , 
/tmp/omega/Blasted_Real/blasted_case146.cnf, , , 83754.8263475895, True, 37515000, , 
/tmp/omega/Blasted_Real/blasted_case145.cnf, , , 91650.62663626671, True, 37515000, , 
/tmp/omega/Blasted_Real/blasted_case10.cnf, , , 117237.24997901917, True, 27163759000, , 
/tmp/omega/Blasted_Real/blasted_case135.cnf, , , 113759.50392889977, True, 7000, , 
/tmp/omega/Blasted_Real/blasted_case132.cnf, , , 118246.0376894474, True, 7000, , 
